user_id,gender,age
1,0,12
2,1,60
3,1,30
4,1,47
5,1,30
6,0,53
7,1,40
8,1,30
9,1,30
10,0,40
11,0,30
12,1,30
13,1,47
14,1,40
15,1,30
16,0,40
17,1,53
18,0,21
19,1,12
20,1,30
21,1,21
22,1,21
23,1,40
24,0,30
25,1,21
26,1,30
27,1,30
28,0,30
29,1,40
30,0,40
31,1,60
32,0,30
33,1,47
34,0,21
35,1,47
36,1,30
37,0,30
38,0,21
39,1,21
40,1,47
41,0,21
42,1,30
43,1,30
44,1,47
45,0,47
46,1,21
47,1,21
48,1,30
49,1,21
50,0,30
51,0,12
52,1,21
53,1,30
54,1,53
55,0,40
56,1,40
57,1,21
58,1,30
59,0,53
60,1,53
61,1,30
62,0,40
63,1,21
64,1,21
65,1,40
66,1,30
67,0,53
68,1,21
69,0,30
70,1,21
71,1,30
72,0,47
73,1,21
74,1,40
75,0,12
76,1,40
77,1,21
78,0,47
79,0,47
80,1,60
81,0,30
82,1,30
83,0,30
84,1,21
85,1,21
86,0,12
87,1,30
88,0,47
89,0,60
90,1,60
91,1,40
92,0,21
93,1,30
94,1,30
95,1,47
96,0,30
97,0,40
98,0,40
99,0,12
100,1,40
101,0,21
102,1,40
103,1,47
104,1,30
105,1,47
106,0,40
107,1,47
108,1,30
109,1,47
110,1,30
111,1,40
112,1,30
113,1,21
114,0,30
115,1,30
116,1,30
117,1,30
118,1,40
119,0,12
120,1,30
121,1,40
122,0,21
123,1,40
124,1,60
125,1,47
126,1,21
127,0,47
128,1,60
129,1,30
130,1,40
131,1,21
132,1,30
133,0,30
134,1,30
135,1,21
136,1,21
137,0,47
138,1,21
139,0,30
140,0,40
141,1,40
142,1,30
143,1,21
144,1,30
145,1,21
146,0,40
147,1,21
148,1,53
149,1,30
150,1,40
151,0,30
152,1,21
153,1,12
154,1,53
155,1,40
156,0,47
157,1,40
158,1,60
159,0,47
160,1,40
161,1,47
162,0,21
163,1,21
164,0,60
165,1,21
166,1,21
167,0,30
168,0,53
169,1,30
170,1,30
171,0,53
172,1,30
173,1,30
174,1,30
175,0,30
176,0,21
177,1,53
178,1,60
179,1,30
180,1,47
181,1,21
182,1,21
183,0,47
184,0,30
185,1,47
186,1,21
187,0,47
188,1,60
189,1,21
190,1,30
191,1,21
192,1,21
193,0,47
194,0,12
195,1,30
196,0,40
197,1,21
198,1,30
199,1,21
200,0,21
201,0,40
202,1,21
203,0,21
204,1,30
205,1,40
206,1,30
207,1,30
208,1,40
209,1,40
210,0,12
211,1,47
212,1,30
213,0,21
214,1,21
215,1,40
216,1,47
217,1,21
218,1,40
219,0,30
220,1,30
221,0,30
222,1,30
223,1,30
224,0,21
225,1,30
226,1,40
227,1,40
228,1,30
229,1,21
230,1,47
231,1,30
232,1,30
233,0,47
234,1,40
235,1,30
236,1,30
237,1,30
238,0,53
239,1,21
240,1,53
241,1,40
242,0,21
243,1,30
244,1,53
245,1,40
246,0,21
247,1,30
248,1,21
249,0,21
250,1,40
251,1,60
252,1,30
253,0,30
254,1,40
255,1,40
256,1,47
257,1,21
258,1,30
259,1,30
260,1,21
261,1,30
262,0,30
263,0,30
264,1,40
265,0,40
266,1,40
267,1,47
268,0,21
269,1,30
270,1,53
271,1,21
272,1,21
273,1,21
274,1,21
275,1,30
276,1,47
277,0,40
278,1,47
279,1,30
280,1,53
281,0,40
282,1,30
283,1,30
284,1,30
285,0,40
286,1,30
287,1,53
288,0,30
289,0,30
290,0,30
291,1,40
292,1,40
293,1,60
294,0,47
295,1,21
296,1,53
297,1,21
298,0,21
299,1,30
300,1,30
301,1,21
302,1,21
303,1,30
304,1,30
305,0,21
306,1,21
307,1,53
308,1,30
309,1,30
310,0,21
311,1,21
312,0,53
313,0,21
314,0,60
315,0,60
316,1,60
317,1,40
318,0,60
319,0,53
320,1,40
321,1,21
322,1,60
323,1,47
324,1,40
325,0,53
326,1,53
327,1,40
328,1,40
329,1,40
330,1,60
331,1,30
332,1,53
333,1,40
334,0,60
335,1,40
336,1,21
337,1,21
338,1,40
339,1,53
340,0,30
341,0,60
342,1,21
343,0,40
344,1,40
345,1,30
346,0,30
347,0,60
348,1,53
349,1,12
350,1,47
351,1,21
352,1,21
353,0,40
354,1,40
355,1,21
356,1,60
357,1,21
358,0,60
359,1,30
360,1,40
361,0,30
362,1,40
363,1,21
364,0,40
365,0,21
366,1,53
367,1,53
368,1,30
369,1,40
370,1,21
371,1,21
372,0,21
373,0,30
374,0,40
375,1,30
376,1,40
377,1,30
378,0,21
379,0,40
380,1,30
381,1,40
382,0,40
383,0,30
384,1,30
385,1,30
386,1,30
387,0,40
388,0,30
389,1,30
390,1,30
391,1,47
392,1,21
393,1,40
394,1,21
395,1,21
396,1,30
397,1,40
398,1,30
399,0,40
400,0,21
401,1,21
402,1,30
403,1,21
404,1,21
405,1,60
406,1,30
407,1,21
408,1,30
409,1,21
410,0,30
411,0,47
412,1,40
413,1,30
414,1,30
415,0,40
416,1,47
417,0,30
418,0,30
419,1,21
420,1,40
421,0,47
422,1,60
423,1,21
424,1,30
425,1,30
426,1,21
427,1,40
428,0,21
429,1,21
430,0,21
431,1,21
432,1,47
433,1,53
434,0,47
435,1,30
436,1,21
437,1,40
438,1,21
439,1,40
440,1,60
441,1,40
442,1,30
443,1,30
444,1,60
445,1,47
446,0,53
447,0,47
448,1,30
449,1,30
450,1,47
451,1,60
452,1,53
453,1,21
454,1,30
455,0,40
456,1,40
457,1,21
458,1,53
459,0,21
460,1,47
461,1,53
462,1,21
463,1,30
464,0,21
465,1,21
466,1,30
467,0,40
468,0,12
469,1,40
470,0,12
471,1,40
472,1,40
473,0,21
474,1,30
475,0,30
476,1,40
477,1,40
478,1,53
479,1,30
480,0,21
481,1,47
482,1,30
483,1,21
484,0,12
485,1,60
486,1,60
487,0,40
488,1,30
489,1,21
490,1,12
491,1,21
492,1,30
493,1,53
494,0,40
495,1,21
496,1,21
497,0,30
498,1,40
499,0,30
500,0,21
501,1,30
502,1,40
503,1,40
504,1,30
505,1,40
506,1,30
507,0,30
508,1,30
509,1,30
510,1,21
511,0,47
512,1,40
513,1,30
514,1,30
515,1,30
516,0,60
517,0,30
518,0,40
519,0,40
520,0,40
521,1,60
522,1,30
523,1,53
524,1,21
525,1,40
526,1,47
527,0,30
528,0,21
529,1,40
530,1,30
531,0,21
532,1,30
533,1,30
534,1,30
535,1,40
536,1,30
537,1,47
538,1,60
539,1,30
540,1,21
541,0,21
542,1,21
543,1,30
544,1,40
545,1,40
546,0,30
547,1,40
548,0,40
549,1,30
550,1,47
551,1,40
552,1,53
553,1,30
554,1,30
555,1,21
556,0,30
557,1,60
558,1,40
559,0,30
560,1,47
561,0,21
562,1,40
563,1,30
564,1,47
565,1,30
566,1,30
567,1,40
568,0,53
569,0,21
570,1,30
571,1,53
572,1,21
573,0,40
574,1,30
575,1,30
576,0,47
577,1,40
578,1,21
579,1,30
580,1,12
581,1,53
582,1,21
583,0,30
584,0,30
585,1,21
586,1,40
587,1,30
588,0,30
589,1,21
590,0,40
591,1,30
592,1,21
593,0,53
594,0,60
595,1,30
596,0,30
597,1,40
598,1,40
599,1,53
600,1,40
601,0,21
602,0,60
603,0,30
604,1,47
605,0,21
606,0,12
607,1,30
608,1,21
609,1,30
610,1,30
611,1,40
612,1,53
613,1,40
614,1,40
615,1,53
616,1,30
617,0,30
618,1,30
619,0,21
620,1,21
621,1,21
622,1,30
623,1,30
624,1,30
625,0,40
626,1,21
627,1,53
628,0,40
629,0,12
630,0,40
631,1,40
632,1,47
633,1,30
634,0,12
635,1,60
636,1,21
637,1,40
638,1,30
639,1,47
640,1,21
641,0,40
642,0,40
643,1,30
644,1,30
645,1,40
646,1,40
647,1,40
648,0,30
649,1,30
650,1,30
651,1,40
652,1,21
653,1,60
654,1,53
655,0,30
656,0,47
657,0,53
658,0,30
659,0,30
660,1,47
661,1,47
662,1,21
663,0,30
664,1,40
665,1,21
666,0,21
667,1,30
668,0,30
669,1,30
670,1,30
671,1,21
672,1,40
673,1,30
674,1,30
675,1,30
676,1,21
677,1,53
678,1,30
679,1,40
680,1,30
681,1,40
682,1,30
683,1,30
684,1,30
685,1,30
686,1,21
687,0,30
688,1,60
689,0,53
690,1,30
691,1,40
692,0,30
693,1,40
694,1,21
695,0,21
696,1,30
697,0,53
698,1,21
699,1,21
700,1,53
701,0,21
702,1,40
703,0,60
704,0,40
705,1,30
706,1,40
707,1,40
708,1,30
709,1,21
710,1,30
711,1,30
712,1,30
713,1,40
714,1,21
715,1,21
716,1,21
717,1,30
718,1,21
719,1,12
720,1,21
721,0,40
722,1,30
723,1,30
724,1,53
725,1,60
726,0,30
727,1,40
728,1,30
729,1,40
730,1,30
731,1,47
732,1,30
733,1,40
734,1,30
735,1,30
736,1,21
737,1,12
738,1,21
739,1,40
740,1,30
741,1,30
742,1,21
743,0,12
744,1,30
745,1,12
746,0,21
747,1,21
748,1,30
749,1,40
750,0,40
751,0,30
752,0,30
753,1,12
754,1,40
755,0,40
756,1,40
757,1,30
758,1,40
759,0,60
760,1,60
761,1,21
762,1,12
763,1,21
764,1,21
765,1,30
766,0,30
767,1,30
768,1,30
769,1,47
770,1,21
771,0,53
772,1,21
773,1,30
774,1,21
775,1,12
776,0,30
777,1,21
778,1,21
779,1,30
780,1,30
781,1,21
782,1,60
783,1,30
784,1,21
785,1,21
786,1,30
787,1,21
788,1,30
789,1,21
790,1,30
791,1,40
792,1,30
793,0,40
794,1,53
795,0,40
796,1,53
797,0,53
798,0,30
799,0,30
800,0,40
801,0,30
802,1,30
803,1,21
804,1,30
805,1,40
806,1,40
807,1,21
808,1,30
809,1,30
810,1,30
811,1,53
812,1,30
813,1,21
814,0,21
815,1,30
816,1,47
817,1,21
818,1,21
819,1,40
820,1,40
821,1,21
822,0,30
823,1,30
824,1,40
825,1,60
826,0,40
827,1,47
828,1,21
829,1,12
830,1,40
831,0,47
832,1,21
833,1,40
834,0,40
835,1,60
836,1,30
837,1,60
838,1,53
839,1,30
840,0,30
841,0,53
842,0,21
843,1,30
844,1,30
845,0,21
846,1,30
847,0,30
848,1,30
849,1,30
850,1,40
851,1,21
852,1,30
853,1,30
854,0,30
855,0,21
856,0,47
857,1,40
858,1,40
859,1,30
860,1,21
861,1,30
862,1,40
863,1,30
864,0,30
865,1,40
866,1,12
867,1,47
868,1,53
869,1,21
870,0,30
871,1,12
872,1,53
873,1,60
874,1,47
875,1,12
876,1,30
877,1,30
878,1,21
879,1,47
880,1,40
881,1,21
882,1,21
883,0,40
884,1,12
885,1,40
886,0,60
887,0,60
888,0,12
889,1,47
890,1,21
891,1,30
892,1,40
893,0,53
894,1,21
895,1,53
896,1,21
897,1,30
898,1,30
899,0,30
900,0,60
901,0,60
902,1,60
903,1,60
904,1,40
905,0,47
906,1,12
907,0,47
908,0,53
909,1,47
910,0,53
911,1,53
912,0,40
913,1,30
914,0,40
915,1,30
916,0,30
917,1,53
918,0,47
919,0,40
920,1,21
921,1,30
922,1,60
923,1,30
924,1,53
925,0,40
926,1,12
927,0,30
928,0,60
929,1,30
930,1,30
931,0,60
932,0,40
933,1,47
934,0,40
935,1,40
936,1,21
937,1,30
938,0,30
939,0,30
940,1,12
941,1,21
942,0,53
943,0,47
944,1,40
945,1,47
946,1,40
947,1,21
948,1,60
949,1,53
950,1,40
951,1,47
952,1,60
953,1,53
954,0,30
955,0,53
956,1,40
957,1,40
958,1,40
959,1,53
960,1,12
961,1,21
962,0,30
963,1,30
964,1,30
965,1,60
966,1,60
967,0,21
968,1,53
969,0,30
970,1,30
971,1,30
972,1,47
973,0,30
974,1,40
975,1,40
976,1,40
977,1,30
978,1,21
979,1,12
980,1,30
981,1,30
982,0,30
983,0,30
984,1,53
985,1,30
986,0,60
987,0,40
988,1,53
989,1,53
990,1,21
991,0,30
992,0,40
993,1,30
994,1,21
995,0,21
996,1,30
997,1,12
998,1,47
999,1,30
1000,0,30
1001,1,30
1002,1,53
1003,1,30
1004,1,30
1005,1,40
1006,1,21
1007,1,53
1008,1,40
1009,1,53
1010,1,30
1011,1,30
1012,0,40
1013,1,60
1014,0,47
1015,1,40
1016,1,60
1017,1,40
1018,1,21
1019,1,40
1020,1,21
1021,1,40
1022,1,30
1023,1,60
1024,0,40
1025,1,30
1026,0,47
1027,1,21
1028,0,47
1029,1,30
1030,1,30
1031,1,40
1032,1,53
1033,1,30
1034,0,40
1035,1,21
1036,1,40
1037,1,47
1038,0,60
1039,0,40
1040,1,30
1041,1,47
1042,1,40
1043,0,53
1044,1,30
1045,0,12
1046,1,60
1047,1,21
1048,1,40
1049,1,47
1050,1,30
1051,0,30
1052,0,40
1053,1,40
1054,1,12
1055,1,40
1056,1,12
1057,1,47
1058,1,30
1059,0,30
1060,1,21
1061,1,47
1062,1,53
1063,1,40
1064,1,30
1065,0,30
1066,1,47
1067,1,40
1068,0,21
1069,1,30
1070,0,47
1071,1,53
1072,0,40
1073,0,30
1074,1,47
1075,0,30
1076,0,30
1077,1,30
1078,0,47
1079,1,30
1080,1,60
1081,1,21
1082,1,47
1083,1,60
1084,1,12
1085,1,30
1086,1,21
1087,1,30
1088,0,12
1089,1,40
1090,1,30
1091,1,21
1092,0,21
1093,1,53
1094,0,21
1095,0,60
1096,1,12
1097,1,21
1098,1,40
1099,1,30
1100,1,30
1101,1,40
1102,1,21
1103,0,47
1104,1,40
1105,1,40
1106,1,21
1107,0,53
1108,1,60
1109,1,21
1110,0,60
1111,0,53
1112,1,21
1113,1,21
1114,0,21
1115,0,30
1116,1,30
1117,1,21
1118,1,53
1119,1,40
1120,1,21
1121,1,60
1122,1,60
1123,1,53
1124,1,30
1125,0,21
1126,1,60
1127,1,30
1128,1,30
1129,1,40
1130,1,21
1131,1,60
1132,1,21
1133,1,21
1134,1,21
1135,1,53
1136,0,40
1137,1,21
1138,1,21
1139,1,30
1140,0,47
1141,0,30
1142,1,21
1143,1,53
1144,1,30
1145,1,53
1146,0,21
1147,1,30
1148,1,40
1149,1,30
1150,0,30
1151,1,30
1152,1,21
1153,1,21
1154,0,12
1155,1,30
1156,0,53
1157,1,47
1158,0,40
1159,1,21
1160,1,21
1161,1,30
1162,0,40
1163,1,12
1164,0,30
1165,1,30
1166,1,60
1167,0,53
1168,0,30
1169,1,30
1170,1,60
1171,1,47
1172,0,30
1173,0,30
1174,0,21
1175,0,30
1176,1,60
1177,0,30
1178,1,60
1179,1,53
1180,0,53
1181,1,40
1182,1,12
1183,1,40
1184,0,30
1185,0,40
1186,1,21
1187,0,12
1188,1,47
1189,1,30
1190,1,47
1191,0,40
1192,1,53
1193,1,30
1194,0,30
1195,0,12
1196,0,21
1197,1,40
1198,1,12
1199,1,53
1200,1,12
1201,1,21
1202,1,40
1203,0,30
1204,1,30
1205,0,60
1206,0,53
1207,1,53
1208,1,30
1209,1,40
1210,1,30
1211,1,21
1212,0,53
1213,1,53
1214,1,60
1215,1,40
1216,1,30
1217,1,30
1218,1,60
1219,1,30
1220,1,12
1221,1,21
1222,1,40
1223,1,30
1224,1,53
1225,1,47
1226,1,21
1227,1,53
1228,1,30
1229,0,30
1230,1,30
1231,1,30
1232,0,21
1233,0,47
1234,1,21
1235,0,30
1236,0,30
1237,1,21
1238,0,40
1239,0,30
1240,0,21
1241,1,12
1242,0,40
1243,1,40
1244,1,30
1245,1,30
1246,1,21
1247,1,40
1248,0,40
1249,1,40
1250,1,53
1251,1,30
1252,1,60
1253,0,40
1254,0,21
1255,1,30
1256,1,30
1257,0,21
1258,1,47
1259,1,40
1260,1,30
1261,1,21
1262,1,30
1263,1,12
1264,1,30
1265,0,21
1266,1,30
1267,1,30
1268,1,53
1269,0,60
1270,1,30
1271,0,47
1272,1,21
1273,1,40
1274,1,47
1275,1,53
1276,1,40
1277,0,21
1278,1,21
1279,1,40
1280,1,12
1281,1,30
1282,1,53
1283,0,21
1284,1,47
1285,1,40
1286,1,40
1287,0,53
1288,0,40
1289,1,47
1290,1,40
1291,0,40
1292,1,30
1293,1,30
1294,0,53
1295,0,40
1296,1,12
1297,1,30
1298,1,40
1299,1,30
1300,1,12
1301,0,30
1302,1,21
1303,1,30
1304,1,30
1305,1,47
1306,1,30
1307,1,60
1308,1,12
1309,1,30
1310,1,47
1311,1,21
1312,1,30
1313,1,21
1314,0,21
1315,1,40
1316,1,53
1317,1,47
1318,1,21
1319,0,30
1320,1,30
1321,0,30
1322,1,60
1323,0,40
1324,1,40
1325,1,30
1326,0,30
1327,1,12
1328,1,40
1329,1,21
1330,1,60
1331,1,47
1332,1,30
1333,1,30
1334,1,53
1335,1,40
1336,0,53
1337,1,60
1338,1,30
1339,1,40
1340,1,30
1341,1,21
1342,1,40
1343,1,40
1344,0,30
1345,0,30
1346,1,40
1347,0,21
1348,0,12
1349,1,53
1350,0,40
1351,0,30
1352,1,40
1353,1,12
1354,0,30
1355,0,47
1356,0,21
1357,1,47
1358,1,40
1359,1,40
1360,1,30
1361,0,30
1362,1,40
1363,1,53
1364,0,47
1365,0,12
1366,1,12
1367,1,30
1368,0,30
1369,1,30
1370,1,40
1371,0,53
1372,1,12
1373,0,30
1374,1,53
1375,0,47
1376,0,47
1377,1,40
1378,0,47
1379,0,60
1380,1,12
1381,1,21
1382,0,47
1383,0,30
1384,1,21
1385,0,30
1386,0,30
1387,0,53
1388,1,60
1389,1,30
1390,1,40
1391,1,40
1392,1,47
1393,1,21
1394,0,30
1395,1,30
1396,0,30
1397,1,40
1398,0,60
1399,1,21
1400,1,30
1401,0,21
1402,1,21
1403,0,30
1404,1,53
1405,1,60
1406,1,30
1407,0,40
1408,1,30
1409,1,21
1410,1,53
1411,1,40
1412,1,30
1413,1,21
1414,1,21
1415,1,47
1416,1,30
1417,1,40
1418,1,21
1419,0,30
1420,1,21
1421,0,12
1422,1,40
1423,1,30
1424,1,40
1425,1,12
1426,1,21
1427,1,30
1428,0,47
1429,0,40
1430,1,21
1431,1,60
1432,1,40
1433,0,21
1434,0,12
1435,1,30
1436,0,53
1437,1,53
1438,1,21
1439,1,40
1440,1,40
1441,1,40
1442,1,21
1443,1,40
1444,0,30
1445,1,30
1446,1,40
1447,1,21
1448,0,30
1449,1,40
1450,1,21
1451,1,40
1452,0,60
1453,1,30
1454,1,21
1455,0,47
1456,1,30
1457,1,30
1458,1,12
1459,0,30
1460,0,21
1461,0,47
1462,1,40
1463,1,53
1464,1,40
1465,1,53
1466,1,21
1467,1,30
1468,1,12
1469,1,60
1470,1,21
1471,1,30
1472,1,30
1473,1,30
1474,1,30
1475,0,30
1476,0,21
1477,0,47
1478,1,12
1479,0,53
1480,1,30
1481,1,40
1482,1,30
1483,1,21
1484,1,30
1485,0,30
1486,1,30
1487,1,40
1488,1,30
1489,0,40
1490,1,53
1491,1,21
1492,1,30
1493,0,30
1494,1,30
1495,1,21
1496,1,30
1497,1,53
1498,1,21
1499,1,12
1500,1,30
1501,1,30
1502,1,21
1503,1,30
1504,1,21
1505,1,53
1506,1,30
1507,1,40
1508,0,12
1509,1,12
1510,0,30
1511,1,40
1512,1,30
1513,0,40
1514,1,21
1515,1,30
1516,0,30
1517,1,21
1518,1,30
1519,1,21
1520,1,30
1521,0,30
1522,1,40
1523,1,30
1524,1,21
1525,0,30
1526,1,60
1527,1,21
1528,1,30
1529,1,21
1530,1,30
1531,1,47
1532,1,21
1533,1,47
1534,1,53
1535,0,21
1536,0,40
1537,1,21
1538,1,30
1539,1,30
1540,1,47
1541,1,60
1542,1,21
1543,1,30
1544,1,30
1545,1,30
1546,1,30
1547,1,60
1548,1,40
1549,1,40
1550,1,21
1551,1,30
1552,1,47
1553,0,30
1554,0,40
1555,0,21
1556,1,21
1557,0,21
1558,1,21
1559,1,40
1560,0,30
1561,0,21
1562,1,21
1563,0,12
1564,1,53
1565,1,47
1566,1,40
1567,1,30
1568,0,12
1569,0,60
1570,1,21
1571,1,30
1572,0,30
1573,1,12
1574,1,30
1575,0,53
1576,0,47
1577,1,60
1578,1,21
1579,1,30
1580,0,21
1581,0,21
1582,1,21
1583,1,40
1584,1,30
1585,1,60
1586,1,47
1587,0,30
1588,1,30
1589,1,30
1590,1,40
1591,1,53
1592,1,40
1593,1,30
1594,0,40
1595,1,40
1596,0,21
1597,1,30
1598,1,40
1599,1,30
1600,1,40
1601,1,30
1602,0,30
1603,0,30
1604,1,30
1605,0,21
1606,0,40
1607,1,47
1608,1,30
1609,0,40
1610,1,30
1611,1,30
1612,1,30
1613,1,21
1614,1,40
1615,0,47
1616,1,30
1617,1,30
1618,1,53
1619,1,53
1620,1,30
1621,1,30
1622,1,21
1623,1,53
1624,1,30
1625,1,47
1626,1,21
1627,1,21
1628,1,21
1629,1,21
1630,1,47
1631,0,53
1632,1,30
1633,0,47
1634,0,60
1635,1,30
1636,0,30
1637,1,60
1638,0,21
1639,1,30
1640,1,40
1641,1,30
1642,1,53
1643,1,47
1644,1,21
1645,0,21
1646,1,30
1647,1,21
1648,1,53
1649,1,21
1650,1,30
1651,1,30
1652,1,30
1653,1,21
1654,0,47
1655,1,21
1656,1,30
1657,0,47
1658,0,40
1659,0,21
1660,0,30
1661,1,40
1662,1,30
1663,1,21
1664,0,21
1665,1,47
1666,1,30
1667,1,53
1668,1,40
1669,0,30
1670,0,60
1671,1,40
1672,1,30
1673,1,12
1674,1,40
1675,0,30
1676,1,21
1677,1,21
1678,0,21
1679,1,30
1680,1,30
1681,1,21
1682,1,30
1683,0,30
1684,1,21
1685,1,40
1686,1,40
1687,1,30
1688,0,21
1689,1,40
1690,1,40
1691,0,30
1692,1,40
1693,1,30
1694,1,30
1695,1,30
1696,1,40
1697,0,21
1698,1,40
1699,0,30
1700,1,30
1701,0,30
1702,1,21
1703,1,21
1704,1,30
1705,0,21
1706,1,30
1707,1,53
1708,1,30
1709,1,30
1710,1,21
1711,0,21
1712,1,30
1713,1,30
1714,1,30
1715,1,30
1716,1,30
1717,0,53
1718,1,21
1719,1,21
1720,1,21
1721,1,21
1722,1,40
1723,1,40
1724,1,21
1725,1,21
1726,1,30
1727,1,40
1728,1,21
1729,1,30
1730,0,21
1731,0,21
1732,1,21
1733,1,21
1734,1,47
1735,1,21
1736,1,60
1737,1,40
1738,1,40
1739,1,60
1740,1,60
1741,1,40
1742,1,30
1743,1,40
1744,1,40
1745,1,47
1746,1,30
1747,1,30
1748,1,53
1749,1,30
1750,1,53
1751,1,40
1752,1,30
1753,1,40
1754,1,21
1755,0,21
1756,0,30
1757,1,30
1758,0,30
1759,1,30
1760,0,30
1761,1,40
1762,1,30
1763,1,40
1764,1,21
1765,1,21
1766,0,47
1767,1,30
1768,1,47
1769,1,30
1770,1,40
1771,1,30
1772,1,60
1773,1,21
1774,1,30
1775,1,30
1776,1,30
1777,1,30
1778,1,21
1779,1,21
1780,1,40
1781,0,40
1782,1,47
1783,1,21
1784,1,21
1785,1,21
1786,1,47
1787,1,21
1788,1,47
1789,1,12
1790,1,30
1791,1,21
1792,0,30
1793,1,30
1794,1,30
1795,1,21
1796,1,53
1797,1,40
1798,1,47
1799,1,40
1800,1,21
1801,0,30
1802,1,21
1803,1,30
1804,1,30
1805,1,21
1806,1,21
1807,1,21
1808,0,21
1809,0,30
1810,1,53
1811,1,60
1812,0,30
1813,0,40
1814,1,53
1815,1,12
1816,0,40
1817,1,40
1818,1,12
1819,0,40
1820,1,30
1821,1,30
1822,0,30
1823,0,40
1824,0,21
1825,1,30
1826,1,47
1827,0,30
1828,1,21
1829,1,30
1830,1,21
1831,1,21
1832,0,21
1833,1,21
1834,1,40
1835,1,30
1836,1,30
1837,1,30
1838,1,40
1839,1,21
1840,1,30
1841,1,21
1842,1,21
1843,1,30
1844,0,21
1845,1,30
1846,1,47
1847,1,21
1848,1,40
1849,1,40
1850,1,21
1851,1,30
1852,1,30
1853,1,53
1854,1,30
1855,1,21
1856,1,60
1857,1,12
1858,0,21
1859,0,30
1860,1,60
1861,1,53
1862,1,53
1863,1,21
1864,1,40
1865,0,21
1866,1,30
1867,1,53
1868,1,53
1869,1,47
1870,1,60
1871,0,47
1872,1,53
1873,1,40
1874,1,47
1875,1,40
1876,1,30
1877,0,47
1878,1,12
1879,1,30
1880,1,40
1881,1,40
1882,1,40
1883,0,53
1884,1,47
1885,1,53
1886,1,30
1887,1,60
1888,1,40
1889,1,21
1890,1,53
1891,1,47
1892,1,30
1893,0,40
1894,0,40
1895,1,40
1896,1,60
1897,0,53
1898,1,30
1899,0,47
1900,1,60
1901,1,53
1902,1,30
1903,1,40
1904,1,21
1905,0,40
1906,0,30
1907,1,40
1908,1,60
1909,1,21
1910,1,12
1911,0,21
1912,1,30
1913,1,30
1914,0,40
1915,1,53
1916,1,47
1917,1,21
1918,0,47
1919,1,12
1920,0,40
1921,1,60
1922,0,30
1923,1,40
1924,0,60
1925,1,53
1926,0,12
1927,1,40
1928,1,12
1929,0,12
1930,1,30
1931,1,30
1932,1,30
1933,1,21
1934,1,30
1935,1,12
1936,1,40
1937,1,30
1938,0,30
1939,0,40
1940,1,30
1941,1,40
1942,1,40
1943,1,21
1944,0,21
1945,1,30
1946,1,30
1947,1,30
1948,1,12
1949,1,21
1950,1,30
1951,0,21
1952,1,40
1953,0,30
1954,1,30
1955,1,12
1956,1,40
1957,0,21
1958,0,30
1959,0,53
1960,1,47
1961,0,53
1962,0,21
1963,0,53
1964,0,30
1965,1,60
1966,1,30
1967,1,53
1968,1,30
1969,0,30
1970,1,53
1971,0,30
1972,1,47
1973,1,30
1974,1,40
1975,1,21
1976,1,40
1977,1,60
1978,1,12
1979,1,60
1980,1,40
1981,1,60
1982,1,12
1983,1,30
1984,1,21
1985,1,47
1986,1,53
1987,1,30
1988,0,30
1989,1,53
1990,1,30
1991,1,30
1992,1,21
1993,1,40
1994,1,40
1995,1,30
1996,1,40
1997,1,30
1998,0,53
1999,0,40
2000,1,21
2001,1,53
2002,0,60
2003,1,12
2004,1,47
2005,1,21
2006,1,40
2007,1,53
2008,1,30
2009,0,40
2010,1,21
2011,0,40
2012,1,30
2013,1,47
2014,1,21
2015,1,21
2016,0,60
2017,1,30
2018,1,40
2019,1,53
2020,1,30
2021,1,30
2022,1,30
2023,1,21
2024,1,12
2025,1,60
2026,1,53
2027,0,30
2028,1,47
2029,0,30
2030,1,30
2031,1,40
2032,1,53
2033,0,47
2034,0,47
2035,0,21
2036,0,30
2037,1,60
2038,0,47
2039,1,53
2040,0,30
2041,0,30
2042,1,12
2043,1,30
2044,0,47
2045,0,12
2046,1,40
2047,1,12
2048,1,53
2049,0,53
2050,0,40
2051,1,40
2052,1,12
2053,1,47
2054,1,30
2055,1,53
2056,1,30
2057,1,40
2058,0,60
2059,1,40
2060,1,12
2061,1,60
2062,1,21
2063,1,30
2064,1,40
2065,1,30
2066,0,30
2067,1,53
2068,0,40
2069,1,60
2070,0,40
2071,1,47
2072,0,53
2073,0,21
2074,1,21
2075,0,30
2076,1,21
2077,1,21
2078,1,21
2079,1,12
2080,1,30
2081,1,21
2082,1,12
2083,1,21
2084,1,21
2085,1,21
2086,1,40
2087,1,30
2088,1,53
2089,1,40
2090,1,40
2091,0,40
2092,1,60
2093,1,21
2094,1,40
2095,1,60
2096,0,30
2097,1,21
2098,1,40
2099,0,21
2100,0,30
2101,1,30
2102,1,30
2103,1,40
2104,1,47
2105,1,30
2106,0,21
2107,1,30
2108,1,12
2109,1,30
2110,1,53
2111,1,60
2112,0,47
2113,1,30
2114,1,21
2115,1,40
2116,1,21
2117,1,60
2118,1,30
2119,1,40
2120,1,12
2121,1,60
2122,1,40
2123,0,40
2124,1,30
2125,1,40
2126,1,60
2127,1,21
2128,0,47
2129,1,30
2130,1,47
2131,1,30
2132,1,60
2133,0,12
2134,1,21
2135,1,53
2136,1,40
2137,0,12
2138,0,21
2139,0,53
2140,1,47
2141,0,53
2142,0,47
2143,1,21
2144,1,21
2145,1,21
2146,1,21
2147,0,21
2148,0,21
2149,1,30
2150,0,21
2151,1,60
2152,1,21
2153,1,21
2154,1,30
2155,0,12
2156,1,21
2157,0,21
2158,1,30
2159,0,53
2160,0,21
2161,0,40
2162,0,12
2163,1,21
2164,1,40
2165,1,30
2166,1,12
2167,0,30
2168,1,12
2169,1,12
2170,0,53
2171,1,40
2172,1,21
2173,1,53
2174,1,53
2175,1,30
2176,1,12
2177,0,40
2178,1,47
2179,0,30
2180,1,30
2181,1,30
2182,0,30
2183,0,60
2184,1,21
2185,1,47
2186,1,21
2187,1,47
2188,0,21
2189,1,12
2190,0,30
2191,1,21
2192,0,30
2193,1,12
2194,1,30
2195,1,12
2196,1,30
2197,0,30
2198,0,40
2199,1,12
2200,1,40
2201,1,60
2202,0,12
2203,1,47
2204,1,60
2205,0,30
2206,1,47
2207,1,21
2208,1,30
2209,1,40
2210,1,47
2211,1,47
2212,1,21
2213,0,30
2214,0,30
2215,0,30
2216,0,30
2217,1,12
2218,1,40
2219,1,30
2220,0,53
2221,1,60
2222,0,47
2223,1,30
2224,1,30
2225,1,30
2226,0,30
2227,1,53
2228,1,30
2229,1,47
2230,0,47
2231,1,53
2232,1,30
2233,0,40
2234,1,60
2235,1,12
2236,1,12
2237,0,40
2238,0,30
2239,1,21
2240,1,47
2241,1,47
2242,1,21
2243,1,47
2244,1,12
2245,1,12
2246,1,30
2247,1,47
2248,0,40
2249,1,30
2250,1,21
2251,1,40
2252,0,21
2253,0,53
2254,1,40
2255,0,40
2256,0,47
2257,0,21
2258,0,21
2259,0,60
2260,0,30
2261,1,30
2262,1,47
2263,1,30
2264,0,47
2265,1,60
2266,0,53
2267,0,60
2268,0,40
2269,0,47
2270,1,21
2271,1,53
2272,1,30
2273,1,30
2274,1,21
2275,1,60
2276,1,60
2277,0,47
2278,1,53
2279,1,53
2280,1,60
2281,1,47
2282,1,53
2283,1,40
2284,1,30
2285,0,12
2286,1,40
2287,1,60
2288,1,12
2289,0,53
2290,1,30
2291,1,47
2292,1,53
2293,0,60
2294,1,60
2295,1,47
2296,0,30
2297,1,60
2298,1,40
2299,0,21
2300,1,60
2301,0,30
2302,1,53
2303,1,53
2304,1,47
2305,1,53
2306,0,21
2307,1,30
2308,0,47
2309,0,47
2310,1,47
2311,0,30
2312,1,47
2313,0,53
2314,0,30
2315,1,60
2316,1,40
2317,0,47
2318,1,60
2319,1,40
2320,0,53
2321,1,30
2322,0,60
2323,1,40
2324,1,40
2325,0,21
2326,1,21
2327,1,21
2328,1,60
2329,0,60
2330,1,47
2331,1,60
2332,1,60
2333,1,53
2334,0,60
2335,1,53
2336,1,40
2337,1,40
2338,1,47
2339,0,60
2340,1,40
2341,1,60
2342,1,40
2343,0,47
2344,1,30
2345,1,40
2346,0,12
2347,1,40
2348,1,53
2349,1,30
2350,1,21
2351,0,30
2352,1,53
2353,0,40
2354,1,40
2355,0,47
2356,0,53
2357,0,40
2358,0,60
2359,1,60
2360,1,53
2361,1,60
2362,1,30
2363,1,53
2364,0,60
2365,1,53
2366,0,47
2367,0,30
2368,0,60
2369,1,40
2370,1,53
2371,0,40
2372,0,47
2373,1,47
2374,1,30
2375,0,53
2376,1,30
2377,1,40
2378,1,30
2379,1,21
2380,1,30
2381,0,40
2382,1,53
2383,0,30
2384,1,40
2385,0,47
2386,0,30
2387,1,30
2388,1,60
2389,1,30
2390,0,30
2391,1,53
2392,0,60
2393,1,60
2394,1,40
2395,1,40
2396,0,21
2397,0,40
2398,1,30
2399,1,40
2400,0,30
2401,1,30
2402,1,47
2403,1,21
2404,1,21
2405,1,53
2406,0,60
2407,1,40
2408,0,47
2409,0,40
2410,1,60
2411,0,40
2412,1,60
2413,0,60
2414,1,30
2415,1,30
2416,1,47
2417,1,47
2418,0,12
2419,1,30
2420,1,53
2421,1,40
2422,0,53
2423,0,47
2424,1,30
2425,0,40
2426,1,60
2427,0,30
2428,1,47
2429,1,30
2430,1,30
2431,0,30
2432,1,30
2433,1,30
2434,1,30
2435,1,30
2436,1,30
2437,1,30
2438,1,40
2439,1,47
2440,1,53
2441,0,47
2442,1,40
2443,0,40
2444,0,47
2445,1,30
2446,1,21
2447,1,30
2448,1,40
2449,1,60
2450,1,47
2451,1,47
2452,1,47
2453,1,30
2454,1,21
2455,1,40
2456,1,30
2457,1,30
2458,1,30
2459,1,53
2460,0,53
2461,1,21
2462,1,40
2463,1,30
2464,0,21
2465,1,53
2466,1,30
2467,1,12
2468,1,53
2469,1,30
2470,1,40
2471,1,53
2472,1,30
2473,1,30
2474,1,30
2475,0,30
2476,1,53
2477,1,47
2478,1,53
2479,0,30
2480,0,21
2481,1,40
2482,0,53
2483,1,60
2484,1,47
2485,1,40
2486,1,21
2487,1,47
2488,0,47
2489,0,40
2490,1,30
2491,1,40
2492,0,47
2493,1,47
2494,1,21
2495,0,21
2496,1,53
2497,0,53
2498,1,60
2499,1,53
2500,1,60
2501,1,30
2502,1,60
2503,1,40
2504,1,30
2505,1,30
2506,0,30
2507,1,30
2508,0,40
2509,1,30
2510,1,30
2511,1,30
2512,0,47
2513,1,60
2514,1,60
2515,1,47
2516,0,47
2517,0,40
2518,1,30
2519,0,47
2520,0,60
2521,1,40
2522,1,21
2523,1,30
2524,0,60
2525,0,40
2526,1,60
2527,1,40
2528,1,60
2529,0,40
2530,1,21
2531,0,47
2532,0,60
2533,0,30
2534,0,53
2535,0,60
2536,1,60
2537,1,40
2538,1,60
2539,1,40
2540,0,47
2541,0,40
2542,0,47
2543,0,40
2544,1,47
2545,1,60
2546,0,60
2547,0,40
2548,0,40
2549,1,60
2550,1,53
2551,1,30
2552,0,30
2553,1,30
2554,1,30
2555,1,60
2556,1,30
2557,0,21
2558,1,60
2559,1,21
2560,0,47
2561,1,30
2562,1,21
2563,1,47
2564,0,40
2565,1,40
2566,1,40
2567,1,30
2568,1,30
2569,1,47
2570,0,60
2571,1,40
2572,1,40
2573,1,47
2574,1,53
2575,1,40
2576,1,21
2577,1,30
2578,1,53
2579,1,40
2580,0,47
2581,1,30
2582,0,30
2583,1,40
2584,0,60
2585,1,47
2586,1,30
2587,1,40
2588,0,60
2589,1,30
2590,1,21
2591,1,21
2592,1,53
2593,1,60
2594,1,40
2595,1,21
2596,1,53
2597,0,53
2598,1,30
2599,1,30
2600,1,30
2601,1,40
2602,1,47
2603,1,30
2604,1,30
2605,1,40
2606,1,53
2607,0,60
2608,0,30
2609,0,53
2610,1,47
2611,1,30
2612,0,47
2613,1,40
2614,1,30
2615,1,30
2616,1,40
2617,0,47
2618,0,21
2619,1,40
2620,1,21
2621,1,21
2622,0,40
2623,1,60
2624,0,40
2625,1,40
2626,1,60
2627,1,30
2628,0,30
2629,1,30
2630,0,21
2631,0,53
2632,1,60
2633,0,40
2634,1,60
2635,1,40
2636,1,21
2637,0,40
2638,1,30
2639,0,30
2640,1,40
2641,1,30
2642,1,30
2643,1,47
2644,1,21
2645,1,30
2646,1,47
2647,0,40
2648,1,30
2649,1,30
2650,1,47
2651,1,60
2652,1,40
2653,1,30
2654,0,40
2655,1,40
2656,1,60
2657,0,12
2658,1,30
2659,1,40
2660,1,60
2661,1,60
2662,1,30
2663,0,30
2664,1,40
2665,1,40
2666,1,47
2667,0,40
2668,0,30
2669,1,47
2670,1,40
2671,0,40
2672,1,40
2673,1,40
2674,1,30
2675,1,40
2676,1,60
2677,0,40
2678,1,30
2679,0,21
2680,1,30
2681,0,30
2682,1,21
2683,1,40
2684,0,21
2685,1,47
2686,1,30
2687,1,12
2688,1,30
2689,1,30
2690,1,30
2691,1,21
2692,0,21
2693,1,60
2694,1,21
2695,1,40
2696,1,30
2697,0,53
2698,0,30
2699,0,60
2700,1,30
2701,1,47
2702,1,47
2703,1,40
2704,1,60
2705,1,30
2706,0,30
2707,1,60
2708,1,30
2709,0,30
2710,1,40
2711,0,30
2712,0,21
2713,1,30
2714,1,21
2715,0,53
2716,0,53
2717,1,30
2718,0,30
2719,1,30
2720,1,40
2721,1,47
2722,1,40
2723,0,30
2724,0,47
2725,1,40
2726,1,47
2727,1,30
2728,1,40
2729,1,53
2730,1,40
2731,1,40
2732,1,47
2733,1,47
2734,0,21
2735,1,30
2736,1,47
2737,1,30
2738,0,53
2739,0,40
2740,1,47
2741,1,30
2742,1,30
2743,1,30
2744,1,21
2745,0,40
2746,1,53
2747,0,21
2748,1,30
2749,1,30
2750,0,30
2751,0,30
2752,1,30
2753,0,53
2754,1,53
2755,1,40
2756,1,21
2757,1,30
2758,1,60
2759,1,30
2760,1,60
2761,1,40
2762,1,53
2763,0,21
2764,1,30
2765,1,53
2766,1,47
2767,1,30
2768,1,30
2769,1,30
2770,1,40
2771,1,21
2772,1,40
2773,1,40
2774,1,30
2775,0,21
2776,1,30
2777,1,21
2778,1,60
2779,1,40
2780,1,30
2781,1,40
2782,0,21
2783,1,47
2784,1,53
2785,1,60
2786,1,30
2787,1,30
2788,1,60
2789,1,21
2790,1,30
2791,1,60
2792,1,21
2793,1,40
2794,1,30
2795,1,53
2796,1,30
2797,0,30
2798,1,40
2799,1,21
2800,0,21
2801,0,30
2802,1,40
2803,1,30
2804,0,40
2805,1,60
2806,1,12
2807,0,40
2808,1,60
2809,1,30
2810,0,12
2811,1,30
2812,1,30
2813,1,30
2814,1,40
2815,1,40
2816,1,30
2817,1,40
2818,1,30
2819,1,47
2820,0,40
2821,1,21
2822,1,53
2823,1,30
2824,1,21
2825,0,30
2826,1,40
2827,1,30
2828,1,21
2829,1,47
2830,1,40
2831,1,30
2832,1,30
2833,1,30
2834,1,40
2835,1,40
2836,1,30
2837,1,21
2838,1,21
2839,1,30
2840,1,30
2841,1,53
2842,1,40
2843,0,30
2844,1,30
2845,1,30
2846,0,21
2847,1,21
2848,1,30
2849,1,47
2850,1,21
2851,0,30
2852,1,30
2853,1,12
2854,0,21
2855,1,30
2856,1,40
2857,1,30
2858,0,12
2859,1,21
2860,1,40
2861,1,30
2862,1,47
2863,0,30
2864,0,40
2865,0,30
2866,1,30
2867,1,47
2868,1,40
2869,1,53
2870,1,53
2871,0,30
2872,1,30
2873,0,21
2874,0,40
2875,1,30
2876,1,30
2877,1,40
2878,0,53
2879,1,21
2880,1,21
2881,0,30
2882,1,21
2883,1,21
2884,0,53
2885,0,21
2886,1,21
2887,1,30
2888,1,30
2889,1,40
2890,1,40
2891,0,21
2892,1,30
2893,1,30
2894,1,21
2895,1,30
2896,1,21
2897,1,30
2898,1,21
2899,1,40
2900,1,21
2901,1,30
2902,1,30
2903,1,30
2904,1,30
2905,1,40
2906,1,40
2907,0,40
2908,1,21
2909,1,30
2910,1,12
2911,0,30
2912,0,21
2913,0,40
2914,1,30
2915,1,30
2916,1,47
2917,1,30
2918,1,30
2919,1,21
2920,1,30
2921,1,53
2922,1,30
2923,1,40
2924,0,21
2925,0,30
2926,0,21
2927,1,30
2928,1,30
2929,1,21
2930,1,53
2931,1,21
2932,1,30
2933,1,40
2934,0,40
2935,1,30
2936,0,21
2937,0,21
2938,0,30
2939,0,30
2940,1,30
2941,1,40
2942,0,53
2943,1,40
2944,0,21
2945,0,40
2946,1,40
2947,0,30
2948,1,21
2949,1,30
2950,1,21
2951,0,40
2952,1,30
2953,1,30
2954,1,21
2955,1,40
2956,1,30
2957,1,21
2958,1,30
2959,1,40
2960,1,21
2961,1,53
2962,1,40
2963,0,21
2964,1,30
2965,0,40
2966,0,30
2967,1,30
2968,0,21
2969,1,30
2970,1,21
2971,1,30
2972,1,30
2973,0,21
2974,1,21
2975,1,40
2976,1,21
2977,0,21
2978,1,40
2979,1,40
2980,1,47
2981,1,47
2982,1,30
2983,1,21
2984,1,30
2985,1,21
2986,1,30
2987,1,21
2988,0,21
2989,1,40
2990,1,40
2991,1,53
2992,1,21
2993,1,21
2994,1,40
2995,1,30
2996,1,21
2997,0,40
2998,0,30
2999,1,30
3000,1,30
3001,1,21
3002,1,47
3003,1,21
3004,0,21
3005,1,30
3006,1,21
3007,1,40
3008,1,21
3009,0,40
3010,1,30
3011,1,30
3012,1,30
3013,1,47
3014,1,40
3015,1,60
3016,1,21
3017,0,40
3018,1,40
3019,1,53
3020,0,40
3021,0,47
3022,1,30
3023,0,30
3024,1,40
3025,0,40
3026,0,21
3027,1,21
3028,1,12
3029,1,21
3030,1,40
3031,1,21
3032,1,30
3033,1,21
3034,0,21
3035,0,30
3036,1,60
3037,0,30
3038,0,40
3039,0,53
3040,1,30
3041,1,30
3042,1,60
3043,1,21
3044,1,40
3045,1,47
3046,1,12
3047,0,30
3048,1,21
3049,0,53
3050,1,40
3051,1,21
3052,1,40
3053,0,30
3054,1,21
3055,0,30
3056,1,30
3057,0,30
3058,1,21
3059,1,40
3060,0,40
3061,1,47
3062,1,21
3063,1,21
3064,1,40
3065,0,21
3066,1,21
3067,0,30
3068,0,40
3069,1,21
3070,0,21
3071,1,30
3072,1,53
3073,1,30
3074,1,30
3075,0,30
3076,1,40
3077,1,21
3078,0,40
3079,0,30
3080,1,30
3081,1,30
3082,0,40
3083,0,53
3084,1,30
3085,1,30
3086,1,21
3087,0,12
3088,0,30
3089,1,47
3090,1,30
3091,0,30
3092,1,40
3093,0,47
3094,1,40
3095,0,30
3096,0,47
3097,0,30
3098,1,30
3099,1,30
3100,0,30
3101,1,21
3102,1,30
3103,1,30
3104,1,21
3105,1,40
3106,1,30
3107,1,30
3108,1,53
3109,0,30
3110,1,30
3111,1,21
3112,1,21
3113,1,30
3114,1,21
3115,1,40
3116,1,30
3117,1,40
3118,1,30
3119,1,47
3120,1,21
3121,1,30
3122,0,30
3123,1,30
3124,1,30
3125,1,30
3126,1,30
3127,0,30
3128,1,21
3129,1,30
3130,1,30
3131,0,30
3132,1,40
3133,1,21
3134,1,21
3135,1,30
3136,0,30
3137,1,30
3138,1,40
3139,1,60
3140,0,30
3141,1,30
3142,1,30
3143,0,53
3144,0,30
3145,1,21
3146,1,30
3147,1,30
3148,1,21
3149,1,21
3150,0,30
3151,0,30
3152,1,21
3153,0,30
3154,0,30
3155,1,30
3156,1,40
3157,1,30
3158,1,30
3159,0,30
3160,1,30
3161,1,30
3162,1,30
3163,1,21
3164,1,21
3165,1,40
3166,1,21
3167,1,30
3168,0,40
3169,1,53
3170,1,30
3171,0,53
3172,1,21
3173,1,30
3174,0,21
3175,1,40
3176,1,30
3177,0,30
3178,0,40
3179,0,21
3180,1,30
3181,1,30
3182,1,30
3183,1,53
3184,0,30
3185,1,21
3186,1,53
3187,1,40
3188,1,60
3189,1,30
3190,1,12
3191,1,30
3192,1,21
3193,1,30
3194,1,30
3195,1,21
3196,0,21
3197,0,21
3198,1,30
3199,1,21
3200,0,30
3201,1,47
3202,0,21
3203,1,40
3204,1,47
3205,0,40
3206,1,21
3207,1,40
3208,1,30
3209,1,30
3210,0,47
3211,1,53
3212,0,30
3213,0,30
3214,0,60
3215,0,53
3216,1,40
3217,0,40
3218,1,60
3219,0,21
3220,1,40
3221,1,30
3222,1,40
3223,1,30
3224,0,30
3225,1,21
3226,1,40
3227,0,30
3228,1,30
3229,0,60
3230,1,40
3231,1,30
3232,1,40
3233,1,53
3234,0,12
3235,1,21
3236,1,21
3237,1,40
3238,1,40
3239,0,30
3240,1,21
3241,0,53
3242,1,53
3243,1,30
3244,0,21
3245,1,21
3246,0,40
3247,1,40
3248,0,30
3249,0,30
3250,1,30
3251,1,40
3252,1,53
3253,0,40
3254,0,40
3255,0,30
3256,1,30
3257,1,30
3258,1,47
3259,0,21
3260,1,30
3261,1,47
3262,1,30
3263,1,53
3264,0,30
3265,1,30
3266,0,30
3267,1,30
3268,1,30
3269,0,21
3270,1,21
3271,0,40
3272,1,40
3273,1,40
3274,1,30
3275,1,40
3276,1,30
3277,1,30
3278,1,40
3279,1,47
3280,1,30
3281,1,30
3282,1,47
3283,1,40
3284,1,30
3285,1,30
3286,0,40
3287,1,60
3288,1,30
3289,1,47
3290,1,30
3291,0,30
3292,0,53
3293,1,47
3294,1,21
3295,1,21
3296,1,21
3297,1,21
3298,1,12
3299,0,30
3300,1,40
3301,0,30
3302,1,30
3303,1,60
3304,0,47
3305,1,60
3306,1,47
3307,1,53
3308,0,21
3309,1,30
3310,1,47
3311,1,30
3312,0,21
3313,1,40
3314,1,30
3315,1,30
3316,1,12
3317,1,30
3318,1,60
3319,0,60
3320,1,30
3321,1,40
3322,0,21
3323,1,40
3324,1,40
3325,0,40
3326,1,47
3327,1,21
3328,1,60
3329,1,53
3330,0,40
3331,0,30
3332,1,30
3333,1,21
3334,1,40
3335,1,30
3336,1,40
3337,1,30
3338,1,47
3339,1,30
3340,1,47
3341,1,30
3342,0,30
3343,0,21
3344,1,40
3345,1,30
3346,1,40
3347,0,40
3348,1,47
3349,0,21
3350,0,21
3351,0,21
3352,1,40
3353,1,40
3354,1,30
3355,1,30
3356,1,40
3357,1,30
3358,0,30
3359,1,30
3360,0,30
3361,1,30
3362,0,30
3363,0,40
3364,1,60
3365,1,53
3366,1,40
3367,1,53
3368,1,30
3369,1,47
3370,1,21
3371,1,30
3372,1,60
3373,1,21
3374,1,40
3375,1,30
3376,1,40
3377,1,30
3378,1,21
3379,1,40
3380,1,53
3381,1,30
3382,0,12
3383,1,60
3384,1,40
3385,0,30
3386,1,21
3387,1,21
3388,0,30
3389,1,21
3390,0,47
3391,1,21
3392,1,53
3393,1,40
3394,1,40
3395,1,30
3396,1,30
3397,1,30
3398,1,21
3399,1,30
3400,1,30
3401,1,40
3402,1,40
3403,1,40
3404,1,30
3405,1,40
3406,0,30
3407,0,47
3408,1,30
3409,1,30
3410,1,40
3411,1,21
3412,1,30
3413,0,30
3414,1,30
3415,1,40
3416,1,30
3417,0,21
3418,0,21
3419,1,47
3420,0,30
3421,1,47
3422,1,30
3423,1,30
3424,1,30
3425,1,21
3426,1,30
3427,1,30
3428,1,47
3429,0,30
3430,0,47
3431,0,47
3432,1,30
3433,1,21
3434,1,21
3435,1,47
3436,1,40
3437,0,30
3438,0,30
3439,1,21
3440,1,60
3441,0,30
3442,1,21
3443,0,40
3444,1,53
3445,0,40
3446,1,30
3447,1,30
3448,0,21
3449,1,30
3450,1,30
3451,0,30
3452,1,30
3453,1,40
3454,1,21
3455,0,30
3456,1,30
3457,1,30
3458,1,47
3459,1,21
3460,1,12
3461,1,40
3462,0,30
3463,1,30
3464,0,30
3465,1,30
3466,1,30
3467,1,30
3468,1,30
3469,1,47
3470,1,40
3471,1,21
3472,1,30
3473,0,40
3474,1,40
3475,1,30
3476,1,53
3477,0,53
3478,1,30
3479,1,21
3480,1,30
3481,1,21
3482,1,53
3483,0,47
3484,1,21
3485,1,30
3486,0,21
3487,1,21
3488,1,47
3489,1,21
3490,1,30
3491,1,30
3492,1,40
3493,1,30
3494,1,30
3495,1,21
3496,1,40
3497,0,40
3498,1,30
3499,1,30
3500,1,40
3501,0,40
3502,0,21
3503,1,21
3504,1,21
3505,0,30
3506,1,21
3507,1,30
3508,1,21
3509,1,21
3510,0,21
3511,1,53
3512,1,21
3513,1,30
3514,1,21
3515,1,40
3516,1,21
3517,1,21
3518,0,21
3519,0,30
3520,1,30
3521,1,30
3522,1,21
3523,1,40
3524,0,30
3525,0,21
3526,1,40
3527,1,30
3528,1,40
3529,0,47
3530,1,30
3531,0,30
3532,0,40
3533,1,30
3534,1,40
3535,1,47
3536,1,21
3537,1,12
3538,1,40
3539,0,30
3540,1,21
3541,1,30
3542,1,30
3543,1,30
3544,0,30
3545,1,40
3546,1,30
3547,1,40
3548,1,47
3549,0,40
3550,1,30
3551,0,60
3552,0,40
3553,1,40
3554,1,30
3555,1,60
3556,1,30
3557,1,21
3558,1,21
3559,1,21
3560,0,30
3561,1,40
3562,0,30
3563,1,30
3564,1,30
3565,1,30
3566,1,47
3567,1,30
3568,1,30
3569,0,21
3570,1,40
3571,1,21
3572,1,40
3573,1,12
3574,0,40
3575,1,30
3576,1,53
3577,0,60
3578,1,53
3579,1,21
3580,0,21
3581,1,21
3582,0,40
3583,0,30
3584,1,21
3585,1,40
3586,1,40
3587,1,40
3588,1,30
3589,0,47
3590,0,21
3591,1,40
3592,0,60
3593,0,30
3594,1,12
3595,1,30
3596,0,40
3597,1,30
3598,1,60
3599,1,30
3600,1,40
3601,0,40
3602,1,30
3603,0,40
3604,0,12
3605,1,21
3606,0,30
3607,1,40
3608,0,40
3609,0,30
3610,1,21
3611,1,30
3612,1,30
3613,1,30
3614,1,30
3615,1,30
3616,1,47
3617,1,40
3618,1,60
3619,1,53
3620,1,30
3621,1,21
3622,1,21
3623,1,40
3624,1,30
3625,1,21
3626,1,30
3627,0,40
3628,1,30
3629,0,53
3630,1,21
3631,1,21
3632,1,53
3633,1,40
3634,1,53
3635,1,53
3636,1,30
3637,1,30
3638,1,30
3639,1,21
3640,1,40
3641,1,30
3642,0,30
3643,1,30
3644,0,30
3645,1,40
3646,1,40
3647,1,30
3648,1,21
3649,0,30
3650,1,30
3651,1,30
3652,1,30
3653,1,21
3654,1,30
3655,0,30
3656,0,47
3657,1,21
3658,0,30
3659,1,21
3660,1,40
3661,1,40
3662,1,40
3663,0,40
3664,0,40
3665,1,30
3666,1,47
3667,0,12
3668,0,47
3669,1,30
3670,1,47
3671,1,30
3672,1,40
3673,1,30
3674,1,30
3675,1,40
3676,0,40
3677,0,30
3678,1,30
3679,1,30
3680,0,30
3681,1,30
3682,0,53
3683,1,30
3684,1,30
3685,1,30
3686,1,30
3687,0,53
3688,1,21
3689,1,30
3690,1,21
3691,1,30
3692,1,40
3693,1,30
3694,1,30
3695,1,30
3696,1,40
3697,1,30
3698,1,30
3699,0,60
3700,1,30
3701,1,40
3702,1,40
3703,1,21
3704,0,40
3705,1,47
3706,1,30
3707,0,21
3708,1,60
3709,1,30
3710,1,12
3711,1,40
3712,1,30
3713,0,30
3714,1,30
3715,1,21
3716,1,21
3717,1,40
3718,1,53
3719,1,30
3720,1,47
3721,1,30
3722,1,30
3723,1,30
3724,1,40
3725,1,21
3726,1,30
3727,1,40
3728,1,21
3729,1,21
3730,1,30
3731,1,30
3732,1,30
3733,1,21
3734,1,21
3735,1,30
3736,1,40
3737,1,30
3738,1,47
3739,1,60
3740,1,21
3741,1,30
3742,1,30
3743,0,40
3744,1,30
3745,0,30
3746,1,30
3747,1,47
3748,1,21
3749,0,30
3750,0,21
3751,0,40
3752,0,21
3753,1,30
3754,1,60
3755,0,53
3756,1,21
3757,1,30
3758,0,40
3759,1,40
3760,1,53
3761,1,30
3762,1,53
3763,1,30
3764,1,30
3765,0,53
3766,0,21
3767,1,30
3768,1,30
3769,1,30
3770,0,40
3771,1,30
3772,1,40
3773,1,40
3774,1,30
3775,1,40
3776,0,30
3777,1,21
3778,1,30
3779,0,47
3780,1,12
3781,0,60
3782,0,30
3783,1,30
3784,0,30
3785,0,30
3786,0,30
3787,0,30
3788,0,21
3789,0,30
3790,0,30
3791,1,53
3792,1,30
3793,1,21
3794,0,21
3795,0,21
3796,1,47
3797,1,30
3798,1,30
3799,1,21
3800,1,21
3801,1,21
3802,1,21
3803,0,40
3804,1,30
3805,0,40
3806,1,21
3807,0,40
3808,1,30
3809,1,40
3810,1,53
3811,1,30
3812,1,40
3813,1,40
3814,1,30
3815,1,30
3816,0,30
3817,1,40
3818,1,47
3819,1,30
3820,1,30
3821,1,30
3822,1,47
3823,1,60
3824,1,30
3825,1,21
3826,1,30
3827,1,53
3828,1,30
3829,0,30
3830,1,21
3831,0,21
3832,0,30
3833,1,30
3834,1,21
3835,1,30
3836,0,53
3837,1,30
3838,0,30
3839,1,53
3840,0,30
3841,1,47
3842,0,40
3843,0,12
3844,1,21
3845,1,30
3846,1,40
3847,1,30
3848,1,30
3849,1,40
3850,1,21
3851,1,30
3852,1,53
3853,1,30
3854,1,30
3855,1,30
3856,0,40
3857,1,21
3858,0,47
3859,1,30
3860,1,47
3861,1,21
3862,1,30
3863,1,30
3864,1,53
3865,0,12
3866,1,47
3867,1,40
3868,1,21
3869,1,21
3870,1,30
3871,1,21
3872,1,30
3873,0,47
3874,1,30
3875,1,30
3876,1,30
3877,1,47
3878,1,40
3879,1,30
3880,1,30
3881,1,21
3882,1,60
3883,1,53
3884,1,21
3885,1,30
3886,1,40
3887,1,21
3888,1,47
3889,1,47
3890,1,21
3891,0,60
3892,1,30
3893,1,30
3894,1,40
3895,0,40
3896,1,40
3897,1,60
3898,1,47
3899,1,30
3900,0,30
3901,1,21
3902,1,30
3903,1,30
3904,1,12
3905,1,30
3906,1,53
3907,0,21
3908,1,30
3909,1,21
3910,1,30
3911,1,21
3912,1,30
3913,1,21
3914,1,40
3915,0,40
3916,1,30
3917,0,40
3918,1,30
3919,1,47
3920,1,40
3921,1,30
3922,1,21
3923,1,40
3924,1,53
3925,1,30
3926,1,30
3927,0,30
3928,1,30
3929,1,30
3930,1,60
3931,1,30
3932,1,30
3933,0,40
3934,1,30
3935,1,40
3936,0,40
3937,1,60
3938,1,30
3939,1,47
3940,1,40
3941,1,47
3942,1,21
3943,0,40
3944,0,40
3945,0,47
3946,0,30
3947,1,30
3948,0,47
3949,1,47
3950,1,30
3951,0,21
3952,0,47
3953,1,30
3954,1,21
3955,1,40
3956,1,30
3957,1,40
3958,1,47
3959,0,47
3960,0,40
3961,1,30
3962,0,60
3963,1,53
3964,1,60
3965,1,21
3966,1,30
3967,0,21
3968,1,30
3969,1,60
3970,0,30
3971,0,21
3972,0,30
3973,1,30
3974,1,40
3975,0,30
3976,0,30
3977,1,40
3978,1,40
3979,0,53
3980,1,30
3981,0,47
3982,1,60
3983,1,30
3984,1,30
3985,1,47
3986,1,30
3987,0,21
3988,0,30
3989,1,53
3990,1,30
3991,1,30
3992,1,30
3993,1,30
3994,1,53
3995,1,40
3996,1,21
3997,1,40
3998,1,47
3999,1,40
4000,1,40
4001,0,30
4002,1,47
4003,1,60
4004,1,53
4005,1,40
4006,1,12
4007,1,40
4008,1,21
4009,1,21
4010,1,30
4011,1,30
4012,1,21
4013,1,30
4014,1,30
4015,0,47
4016,1,53
4017,1,30
4018,0,47
4019,1,40
4020,1,30
4021,1,53
4022,1,40
4023,0,40
4024,1,30
4025,0,60
4026,1,30
4027,0,30
4028,1,30
4029,0,60
4030,1,40
4031,1,30
4032,1,30
4033,1,30
4034,1,30
4035,1,21
4036,1,30
4037,1,53
4038,1,53
4039,1,30
4040,1,30
4041,1,21
4042,1,40
4043,0,30
4044,0,40
4045,1,60
4046,1,47
4047,1,21
4048,0,40
4049,1,47
4050,1,40
4051,1,21
4052,1,30
4053,1,30
4054,1,40
4055,1,53
4056,1,12
4057,1,40
4058,1,30
4059,1,30
4060,1,30
4061,1,53
4062,1,30
4063,0,40
4064,1,47
4065,0,47
4066,1,30
4067,1,47
4068,1,60
4069,1,40
4070,1,30
4071,1,30
4072,1,53
4073,1,30
4074,1,40
4075,1,30
4076,1,30
4077,0,40
4078,1,30
4079,1,40
4080,1,40
4081,1,21
4082,1,30
4083,1,60
4084,1,60
4085,0,30
4086,0,12
4087,1,12
4088,1,30
4089,1,30
4090,1,60
4091,1,30
4092,0,30
4093,1,30
4094,1,30
4095,1,30
4096,1,30
4097,1,30
4098,1,40
4099,1,40
4100,1,60
4101,1,21
4102,1,12
4103,1,21
4104,1,21
4105,1,53
4106,1,30
4107,0,30
4108,1,40
4109,1,40
4110,0,47
4111,1,30
4112,1,47
4113,1,40
4114,1,40
4115,1,30
4116,1,40
4117,1,21
4118,1,30
4119,1,53
4120,1,30
4121,1,47
4122,1,21
4123,0,30
4124,1,30
4125,1,40
4126,1,30
4127,1,53
4128,1,40
4129,1,60
4130,1,40
4131,1,47
4132,1,30
4133,1,47
4134,0,47
4135,1,12
4136,1,53
4137,1,30
4138,1,30
4139,1,60
4140,1,30
4141,1,40
4142,1,60
4143,0,30
4144,1,21
4145,0,53
4146,1,40
4147,0,53
4148,0,40
4149,1,40
4150,1,30
4151,1,47
4152,1,30
4153,1,53
4154,1,30
4155,1,53
4156,1,60
4157,1,53
4158,0,12
4159,0,53
4160,1,40
4161,1,47
4162,0,30
4163,1,60
4164,1,40
4165,0,30
4166,0,30
4167,1,30
4168,0,47
4169,1,53
4170,1,47
4171,1,60
4172,1,40
4173,0,21
4174,0,40
4175,1,40
4176,1,47
4177,1,40
4178,0,53
4179,0,40
4180,1,60
4181,0,30
4182,1,30
4183,1,30
4184,1,53
4185,1,30
4186,1,30
4187,0,60
4188,1,53
4189,1,40
4190,1,47
4191,0,47
4192,1,40
4193,1,60
4194,1,21
4195,0,60
4196,1,40
4197,0,47
4198,1,21
4199,0,30
4200,1,47
4201,0,30
4202,1,30
4203,1,30
4204,1,40
4205,0,30
4206,0,40
4207,1,40
4208,0,40
4209,1,60
4210,1,30
4211,1,47
4212,1,60
4213,1,40
4214,0,30
4215,1,30
4216,1,30
4217,1,21
4218,1,53
4219,1,40
4220,1,40
4221,1,40
4222,0,47
4223,0,40
4224,0,47
4225,0,30
4226,0,40
4227,1,30
4228,1,53
4229,1,40
4230,1,60
4231,0,53
4232,0,40
4233,1,40
4234,0,47
4235,1,53
4236,0,30
4237,1,30
4238,1,40
4239,1,53
4240,1,40
4241,1,40
4242,1,53
4243,1,60
4244,1,40
4245,1,53
4246,0,40
4247,1,30
4248,1,30
4249,0,21
4250,0,53
4251,1,47
4252,0,40
4253,1,47
4254,1,30
4255,1,53
4256,0,12
4257,1,53
4258,1,30
4259,1,40
4260,1,30
4261,0,40
4262,0,40
4263,1,30
4264,1,47
4265,1,30
4266,1,60
4267,1,40
4268,0,47
4269,1,40
4270,1,47
4271,1,40
4272,1,47
4273,1,47
4274,0,47
4275,0,47
4276,0,47
4277,1,40
4278,0,47
4279,1,30
4280,1,40
4281,1,60
4282,1,40
4283,0,30
4284,1,53
4285,1,40
4286,1,40
4287,1,30
4288,0,30
4289,1,40
4290,1,30
4291,1,40
4292,1,30
4293,0,47
4294,1,12
4295,1,21
4296,1,60
4297,1,47
4298,0,21
4299,0,30
4300,0,21
4301,1,40
4302,1,53
4303,1,30
4304,1,21
4305,0,47
4306,1,47
4307,1,30
4308,1,30
4309,1,30
4310,1,30
4311,1,53
4312,1,30
4313,0,30
4314,1,30
4315,1,21
4316,1,30
4317,0,40
4318,1,30
4319,1,40
4320,1,30
4321,1,47
4322,0,53
4323,1,21
4324,1,30
4325,1,30
4326,0,47
4327,1,40
4328,1,53
4329,0,30
4330,0,47
4331,1,40
4332,0,30
4333,1,53
4334,1,30
4335,1,40
4336,0,30
4337,1,21
4338,0,21
4339,1,30
4340,0,30
4341,1,40
4342,1,30
4343,1,30
4344,1,30
4345,0,30
4346,1,21
4347,0,21
4348,1,47
4349,1,21
4350,1,21
4351,1,30
4352,1,21
4353,1,30
4354,1,40
4355,1,53
4356,1,40
4357,0,40
4358,1,40
4359,1,21
4360,0,30
4361,1,40
4362,1,30
4363,1,40
4364,1,30
4365,0,53
4366,1,21
4367,1,40
4368,1,21
4369,1,53
4370,1,30
4371,0,21
4372,1,40
4373,1,53
4374,1,21
4375,0,30
4376,0,30
4377,1,30
4378,1,21
4379,1,30
4380,0,30
4381,1,30
4382,1,30
4383,0,21
4384,1,30
4385,1,30
4386,1,30
4387,0,21
4388,1,47
4389,1,30
4390,1,30
4391,0,21
4392,1,21
4393,1,21
4394,1,30
4395,1,53
4396,1,21
4397,1,21
4398,0,21
4399,0,21
4400,0,21
4401,1,21
4402,0,21
4403,1,30
4404,1,30
4405,1,30
4406,1,30
4407,1,21
4408,0,47
4409,1,30
4410,1,21
4411,1,21
4412,1,21
4413,1,12
4414,1,30
4415,1,21
4416,1,21
4417,1,30
4418,0,53
4419,0,47
4420,1,30
4421,1,47
4422,1,30
4423,1,21
4424,1,30
4425,1,40
4426,1,47
4427,1,21
4428,1,30
4429,1,30
4430,0,30
4431,1,12
4432,1,30
4433,1,30
4434,0,40
4435,1,30
4436,1,30
4437,0,40
4438,1,53
4439,1,40
4440,1,40
4441,1,21
4442,1,53
4443,1,60
4444,0,30
4445,1,30
4446,1,21
4447,1,47
4448,1,30
4449,1,30
4450,1,30
4451,1,30
4452,0,30
4453,1,40
4454,1,30
4455,1,40
4456,0,40
4457,1,40
4458,0,30
4459,1,30
4460,1,30
4461,1,30
4462,0,30
4463,1,53
4464,0,53
4465,1,21
4466,1,40
4467,0,53
4468,0,40
4469,0,47
4470,1,40
4471,1,30
4472,0,47
4473,1,40
4474,1,40
4475,1,21
4476,1,47
4477,1,30
4478,1,12
4479,1,53
4480,1,30
4481,1,30
4482,0,40
4483,0,30
4484,0,30
4485,1,30
4486,1,40
4487,1,30
4488,1,40
4489,1,21
4490,1,40
4491,1,21
4492,1,60
4493,0,12
4494,1,47
4495,1,21
4496,1,47
4497,1,53
4498,1,53
4499,1,30
4500,1,53
4501,1,30
4502,1,53
4503,1,60
4504,0,30
4505,1,53
4506,1,53
4507,1,21
4508,1,30
4509,1,30
4510,1,47
4511,1,40
4512,1,30
4513,1,60
4514,1,21
4515,1,60
4516,1,21
4517,0,21
4518,1,30
4519,1,53
4520,1,30
4521,1,40
4522,1,47
4523,1,21
4524,1,30
4525,1,30
4526,1,30
4527,1,21
4528,1,30
4529,1,40
4530,0,40
4531,1,21
4532,1,30
4533,1,30
4534,1,21
4535,1,21
4536,1,21
4537,0,47
4538,1,30
4539,1,40
4540,0,30
4541,1,12
4542,1,40
4543,1,30
4544,1,60
4545,1,30
4546,1,30
4547,1,21
4548,1,21
4549,0,12
4550,1,21
4551,1,21
4552,1,30
4553,0,40
4554,0,30
4555,0,21
4556,1,47
4557,1,30
4558,1,40
4559,1,30
4560,1,30
4561,0,30
4562,1,40
4563,0,30
4564,1,40
4565,1,40
4566,1,40
4567,1,21
4568,0,30
4569,1,30
4570,1,47
4571,1,40
4572,0,12
4573,1,53
4574,1,30
4575,0,12
4576,0,30
4577,1,40
4578,1,30
4579,0,21
4580,0,60
4581,1,30
4582,0,30
4583,1,53
4584,0,47
4585,1,40
4586,1,30
4587,1,40
4588,0,30
4589,1,30
4590,0,21
4591,1,30
4592,1,21
4593,0,47
4594,1,40
4595,1,30
4596,0,21
4597,0,30
4598,0,40
4599,0,40
4600,1,30
4601,1,40
4602,1,40
4603,0,40
4604,1,30
4605,1,30
4606,0,12
4607,1,30
4608,0,30
4609,0,30
4610,0,30
4611,0,21
4612,0,21
4613,1,30
4614,0,47
4615,1,30
4616,1,30
4617,0,30
4618,1,30
4619,0,30
4620,0,21
4621,1,30
4622,1,30
4623,1,30
4624,1,30
4625,1,30
4626,1,30
4627,1,60
4628,0,60
4629,0,21
4630,0,30
4631,1,21
4632,1,30
4633,1,12
4634,1,53
4635,1,21
4636,1,21
4637,0,40
4638,1,30
4639,1,40
4640,1,30
4641,1,30
4642,1,30
4643,1,30
4644,1,53
4645,0,53
4646,0,30
4647,1,40
4648,1,21
4649,1,60
4650,1,30
4651,0,47
4652,0,30
4653,1,40
4654,1,40
4655,0,30
4656,1,30
4657,1,47
4658,1,30
4659,0,30
4660,0,21
4661,1,47
4662,0,21
4663,1,30
4664,0,47
4665,1,40
4666,1,40
4667,1,30
4668,1,40
4669,1,40
4670,1,40
4671,1,30
4672,1,60
4673,1,40
4674,0,40
4675,0,21
4676,1,47
4677,1,53
4678,1,40
4679,1,60
4680,1,40
4681,0,40
4682,1,30
4683,1,30
4684,0,30
4685,1,40
4686,1,21
4687,1,40
4688,1,30
4689,1,21
4690,0,12
4691,0,47
4692,0,30
4693,1,21
4694,1,60
4695,1,21
4696,1,21
4697,1,21
4698,0,30
4699,0,21
4700,0,21
4701,1,47
4702,1,30
4703,1,30
4704,1,21
4705,0,21
4706,1,30
4707,1,12
4708,1,30
4709,1,47
4710,0,40
4711,1,30
4712,1,40
4713,1,30
4714,1,53
4715,1,30
4716,0,30
4717,1,47
4718,1,40
4719,0,40
4720,1,30
4721,1,40
4722,1,40
4723,1,40
4724,0,60
4725,1,40
4726,0,40
4727,0,60
4728,1,30
4729,1,53
4730,1,53
4731,1,30
4732,1,30
4733,1,21
4734,1,53
4735,1,47
4736,1,21
4737,1,40
4738,1,60
4739,1,30
4740,0,30
4741,1,40
4742,1,30
4743,1,60
4744,1,53
4745,0,21
4746,1,53
4747,1,21
4748,1,47
4749,1,47
4750,0,30
4751,1,53
4752,0,21
4753,1,60
4754,0,21
4755,0,60
4756,1,60
4757,1,40
4758,0,60
4759,0,53
4760,1,40
4761,1,21
4762,0,30
4763,1,60
4764,1,12
4765,0,40
4766,1,40
4767,0,40
4768,1,30
4769,1,30
4770,0,40
4771,0,30
4772,1,60
4773,1,47
4774,1,47
4775,1,30
4776,0,30
4777,1,30
4778,1,30
4779,1,47
4780,1,30
4781,0,53
4782,1,47
4783,1,30
4784,0,40
4785,0,30
4786,1,47
4787,1,12
4788,1,40
4789,1,40
4790,0,30
4791,1,21
4792,0,53
4793,0,30
4794,0,40
4795,1,47
4796,1,40
4797,0,40
4798,1,30
4799,0,21
4800,1,21
4801,1,30
4802,1,60
4803,0,30
4804,0,40
4805,1,40
4806,1,30
4807,1,12
4808,1,40
4809,0,53
4810,1,21
4811,1,40
4812,1,21
4813,0,40
4814,1,21
4815,0,53
4816,0,47
4817,1,30
4818,0,30
4819,1,40
4820,1,53
4821,1,21
4822,0,40
4823,1,21
4824,1,30
4825,1,30
4826,1,47
4827,1,40
4828,0,21
4829,1,30
4830,1,12
4831,0,30
4832,1,30
4833,1,40
4834,0,47
4835,1,30
4836,0,47
4837,1,30
4838,1,47
4839,0,53
4840,0,47
4841,1,30
4842,0,40
4843,1,60
4844,1,47
4845,0,30
4846,0,30
4847,1,30
4848,0,40
4849,0,21
4850,0,47
4851,1,21
4852,1,40
4853,1,30
4854,0,53
4855,1,30
4856,1,30
4857,1,30
4858,1,30
4859,0,21
4860,1,30
4861,1,30
4862,1,30
4863,0,30
4864,1,21
4865,0,40
4866,1,60
4867,1,30
4868,1,40
4869,0,47
4870,0,40
4871,1,21
4872,1,47
4873,1,60
4874,0,30
4875,1,40
4876,0,40
4877,1,30
4878,1,53
4879,1,30
4880,0,47
4881,1,47
4882,1,47
4883,0,12
4884,1,40
4885,1,60
4886,0,40
4887,1,21
4888,0,60
4889,1,21
4890,0,30
4891,1,40
4892,1,30
4893,1,30
4894,1,40
4895,0,30
4896,1,40
4897,1,40
4898,1,30
4899,1,30
4900,1,30
4901,1,30
4902,1,40
4903,1,40
4904,1,53
4905,0,47
4906,1,53
4907,0,53
4908,1,40
4909,0,40
4910,1,21
4911,0,30
4912,0,53
4913,0,30
4914,0,30
4915,1,30
4916,1,21
4917,1,47
4918,0,21
4919,1,21
4920,1,40
4921,0,30
4922,1,21
4923,1,47
4924,0,40
4925,0,40
4926,1,12
4927,1,47
4928,0,30
4929,1,47
4930,1,53
4931,1,53
4932,1,30
4933,1,30
4934,0,30
4935,1,40
4936,0,21
4937,1,40
4938,0,21
4939,1,30
4940,0,53
4941,1,60
4942,1,47
4943,0,53
4944,1,53
4945,1,53
4946,0,40
4947,1,40
4948,1,47
4949,1,21
4950,1,30
4951,0,40
4952,0,30
4953,1,40
4954,1,47
4955,1,60
4956,1,40
4957,1,30
4958,1,21
4959,1,30
4960,1,60
4961,1,30
4962,1,30
4963,1,47
4964,1,40
4965,1,12
4966,1,53
4967,1,21
4968,0,53
4969,1,21
4970,0,30
4971,1,40
4972,1,40
4973,0,60
4974,1,40
4975,1,40
4976,1,30
4977,1,30
4978,1,40
4979,1,40
4980,1,30
4981,1,53
4982,1,30
4983,0,47
4984,1,40
4985,1,40
4986,1,21
4987,0,60
4988,1,30
4989,1,30
4990,0,30
4991,0,60
4992,0,30
4993,1,47
4994,1,47
4995,1,53
4996,1,40
4997,1,12
4998,0,21
4999,0,60
5000,1,30
5001,0,30
5002,1,30
5003,1,40
5004,0,60
5005,1,47
5006,1,40
5007,0,21
5008,1,30
5009,0,47
5010,1,47
5011,1,21
5012,1,53
5013,1,21
5014,1,47
5015,1,40
5016,0,40
5017,1,40
5018,0,60
5019,1,30
5020,0,60
5021,1,53
5022,1,40
5023,1,40
5024,0,47
5025,1,30
5026,1,30
5027,0,30
5028,1,30
5029,1,30
5030,1,21
5031,0,30
5032,1,21
5033,0,60
5034,0,30
5035,0,30
5036,1,40
5037,1,40
5038,1,30
5039,0,40
5040,1,47
5041,0,47
5042,0,21
5043,0,21
5044,0,40
5045,1,40
5046,1,30
5047,1,47
5048,0,40
5049,1,30
5050,0,21
5051,0,53
5052,1,40
5053,1,30
5054,1,40
5055,0,40
5056,1,47
5057,1,53
5058,1,60
5059,1,47
5060,1,47
5061,0,21
5062,1,53
5063,0,12
5064,1,21
5065,1,30
5066,0,30
5067,1,60
5068,1,40
5069,0,60
5070,1,30
5071,0,30
5072,1,47
5073,1,60
5074,1,12
5075,1,53
5076,1,30
5077,1,30
5078,1,47
5079,1,30
5080,0,53
5081,0,21
5082,1,40
5083,1,30
5084,1,21
5085,1,60
5086,1,30
5087,0,30
5088,1,30
5089,0,40
5090,0,40
5091,1,30
5092,1,60
5093,1,53
5094,1,21
5095,0,40
5096,1,30
5097,1,60
5098,1,53
5099,1,21
5100,1,53
5101,1,30
5102,1,30
5103,0,40
5104,1,40
5105,1,53
5106,0,40
5107,0,47
5108,0,30
5109,0,47
5110,1,40
5111,1,40
5112,1,40
5113,1,30
5114,0,12
5115,1,60
5116,1,40
5117,0,30
5118,1,12
5119,0,30
5120,1,53
5121,1,30
5122,1,30
5123,1,53
5124,1,40
5125,1,47
5126,1,30
5127,1,47
5128,1,53
5129,1,47
5130,0,53
5131,0,30
5132,1,40
5133,1,21
5134,1,30
5135,1,40
5136,1,30
5137,1,21
5138,1,30
5139,1,53
5140,1,30
5141,1,21
5142,1,30
5143,1,21
5144,0,53
5145,1,40
5146,1,60
5147,1,21
5148,1,30
5149,1,40
5150,1,30
5151,1,21
5152,0,30
5153,1,30
5154,1,30
5155,1,30
5156,1,21
5157,1,40
5158,0,21
5159,1,40
5160,0,21
5161,1,30
5162,1,30
5163,1,47
5164,0,40
5165,1,40
5166,1,53
5167,1,21
5168,1,40
5169,0,53
5170,1,21
5171,1,60
5172,0,40
5173,1,12
5174,1,47
5175,0,40
5176,1,12
5177,1,47
5178,1,53
5179,1,30
5180,1,40
5181,1,30
5182,0,40
5183,0,21
5184,1,21
5185,0,40
5186,1,40
5187,1,21
5188,0,40
5189,0,47
5190,0,40
5191,0,30
5192,1,30
5193,1,40
5194,1,30
5195,1,40
5196,1,60
5197,0,60
5198,0,21
5199,0,30
5200,0,40
5201,1,53
5202,1,21
5203,0,47
5204,1,53
5205,1,30
5206,1,40
5207,1,30
5208,1,30
5209,1,53
5210,0,40
5211,1,30
5212,1,21
5213,1,21
5214,0,40
5215,0,60
5216,1,21
5217,1,30
5218,1,21
5219,1,21
5220,1,30
5221,0,60
5222,1,30
5223,1,60
5224,1,40
5225,1,21
5226,1,40
5227,1,21
5228,1,12
5229,1,30
5230,1,30
5231,1,40
5232,1,30
5233,1,30
5234,0,30
5235,1,30
5236,1,30
5237,1,30
5238,0,53
5239,1,40
5240,0,30
5241,0,30
5242,1,30
5243,1,12
5244,1,21
5245,0,47
5246,0,21
5247,0,12
5248,0,47
5249,0,47
5250,1,53
5251,0,30
5252,1,30
5253,0,60
5254,1,21
5255,1,12
5256,1,30
5257,0,30
5258,1,40
5259,1,30
5260,1,40
5261,1,40
5262,0,30
5263,1,40
5264,1,21
5265,1,47
5266,1,40
5267,1,40
5268,0,30
5269,1,21
5270,1,30
5271,0,30
5272,1,30
5273,1,60
5274,1,30
5275,1,30
5276,0,30
5277,1,30
5278,0,30
5279,0,30
5280,1,21
5281,1,30
5282,0,21
5283,1,21
5284,1,30
5285,1,21
5286,1,47
5287,1,30
5288,1,60
5289,1,47
5290,0,21
5291,1,47
5292,1,30
5293,1,30
5294,1,30
5295,1,40
5296,0,12
5297,1,30
5298,1,40
5299,1,30
5300,1,30
5301,1,30
5302,0,12
5303,0,60
5304,0,40
5305,0,21
5306,0,30
5307,1,30
5308,1,60
5309,1,30
5310,0,60
5311,1,53
5312,1,30
5313,1,60
5314,0,30
5315,1,30
5316,1,21
5317,0,30
5318,1,21
5319,1,21
5320,0,21
5321,1,30
5322,1,40
5323,1,30
5324,1,30
5325,0,53
5326,1,30
5327,1,30
5328,0,30
5329,0,30
5330,0,30
5331,1,40
5332,1,21
5333,0,30
5334,0,60
5335,1,30
5336,1,60
5337,0,40
5338,1,30
5339,1,21
5340,0,53
5341,0,30
5342,0,40
5343,0,30
5344,0,53
5345,0,30
5346,0,30
5347,1,30
5348,1,21
5349,0,53
5350,1,21
5351,0,47
5352,0,40
5353,1,30
5354,0,47
5355,1,60
5356,1,47
5357,0,21
5358,1,40
5359,1,21
5360,1,21
5361,0,53
5362,1,40
5363,1,60
5364,0,30
5365,1,21
5366,1,21
5367,1,21
5368,0,30
5369,1,30
5370,1,30
5371,1,30
5372,1,30
5373,1,21
5374,1,40
5375,1,30
5376,1,30
5377,0,21
5378,1,40
5379,1,30
5380,1,21
5381,1,30
5382,1,21
5383,1,40
5384,0,30
5385,1,30
5386,1,30
5387,0,30
5388,0,21
5389,1,47
5390,1,12
5391,1,30
5392,1,53
5393,1,40
5394,1,21
5395,1,53
5396,1,30
5397,1,21
5398,1,60
5399,1,30
5400,0,21
5401,0,21
5402,0,30
5403,1,12
5404,1,30
5405,0,53
5406,0,40
5407,0,40
5408,1,30
5409,1,47
5410,0,47
5411,0,12
5412,1,30
5413,1,40
5414,1,12
5415,0,30
5416,0,30
5417,1,21
5418,0,30
5419,0,21
5420,0,12
5421,1,40
5422,1,53
5423,0,53
5424,0,40
5425,1,21
5426,1,30
5427,1,40
5428,0,30
5429,0,30
5430,0,47
5431,1,60
5432,1,60
5433,0,40
5434,0,30
5435,1,47
5436,1,21
5437,1,30
5438,1,30
5439,1,60
5440,0,47
5441,1,53
5442,1,30
5443,1,30
5444,0,21
5445,1,30
5446,0,53
5447,1,47
5448,1,47
5449,1,21
5450,1,21
5451,0,30
5452,1,40
5453,1,21
5454,1,40
5455,0,21
5456,1,40
5457,1,21
5458,0,21
5459,0,12
5460,1,21
5461,1,53
5462,1,30
5463,1,40
5464,1,40
5465,0,30
5466,1,30
5467,1,40
5468,1,30
5469,1,40
5470,1,60
5471,1,21
5472,1,40
5473,1,30
5474,1,30
5475,1,30
5476,0,40
5477,1,40
5478,1,40
5479,1,40
5480,0,30
5481,1,47
5482,1,21
5483,0,30
5484,1,47
5485,1,30
5486,1,30
5487,1,30
5488,1,30
5489,1,21
5490,1,47
5491,1,21
5492,1,21
5493,1,40
5494,0,40
5495,0,21
5496,1,30
5497,1,30
5498,0,53
5499,0,30
5500,0,40
5501,1,30
5502,1,30
5503,0,30
5504,1,47
5505,0,30
5506,0,21
5507,1,47
5508,1,30
5509,1,30
5510,1,21
5511,1,47
5512,0,30
5513,1,40
5514,0,12
5515,1,21
5516,0,53
5517,1,60
5518,1,53
5519,1,40
5520,1,47
5521,0,30
5522,1,30
5523,1,40
5524,0,12
5525,0,12
5526,0,40
5527,1,30
5528,1,53
5529,1,21
5530,0,21
5531,1,53
5532,1,30
5533,0,53
5534,1,47
5535,1,30
5536,1,30
5537,0,60
5538,1,47
5539,0,30
5540,1,40
5541,1,60
5542,1,47
5543,1,30
5544,1,30
5545,0,40
5546,1,21
5547,0,21
5548,0,21
5549,0,53
5550,1,40
5551,0,40
5552,1,53
5553,1,40
5554,1,30
5555,1,12
5556,1,47
5557,1,40
5558,1,12
5559,1,53
5560,0,40
5561,0,30
5562,0,40
5563,0,30
5564,1,47
5565,1,21
5566,1,40
5567,1,53
5568,1,21
5569,0,21
5570,1,30
5571,0,30
5572,0,30
5573,0,40
5574,1,30
5575,1,40
5576,1,30
5577,1,53
5578,0,21
5579,0,40
5580,1,47
5581,1,30
5582,1,47
5583,1,60
5584,0,53
5585,1,30
5586,1,40
5587,1,30
5588,0,30
5589,0,30
5590,0,47
5591,1,21
5592,1,30
5593,1,53
5594,0,47
5595,1,30
5596,1,40
5597,0,21
5598,1,21
5599,1,40
5600,0,47
5601,1,40
5602,1,40
5603,1,53
5604,1,40
5605,0,21
5606,0,30
5607,1,21
5608,1,21
5609,0,53
5610,0,30
5611,0,40
5612,0,30
5613,0,40
5614,1,30
5615,1,40
5616,1,47
5617,1,30
5618,0,21
5619,0,21
5620,1,40
5621,1,30
5622,1,40
5623,1,30
5624,1,30
5625,1,30
5626,1,60
5627,1,30
5628,1,21
5629,1,30
5630,1,40
5631,1,40
5632,0,21
5633,1,53
5634,1,30
5635,0,40
5636,1,30
5637,1,12
5638,1,21
5639,0,21
5640,1,40
5641,0,30
5642,1,12
5643,0,40
5644,0,21
5645,1,30
5646,1,21
5647,1,21
5648,1,30
5649,0,21
5650,0,40
5651,0,30
5652,1,21
5653,1,53
5654,1,30
5655,0,30
5656,1,30
5657,1,53
5658,1,60
5659,1,30
5660,1,30
5661,0,30
5662,1,12
5663,0,40
5664,1,21
5665,1,21
5666,1,21
5667,1,40
5668,0,30
5669,1,60
5670,1,21
5671,1,30
5672,0,30
5673,0,40
5674,1,40
5675,1,40
5676,1,30
5677,1,30
5678,1,40
5679,1,40
5680,1,53
5681,0,30
5682,1,21
5683,0,21
5684,1,21
5685,1,30
5686,1,60
5687,0,12
5688,0,21
5689,1,30
5690,1,21
5691,1,40
5692,0,30
5693,0,30
5694,0,30
5695,0,40
5696,0,30
5697,1,30
5698,1,40
5699,1,40
5700,0,21
5701,1,30
5702,1,21
5703,1,60
5704,0,21
5705,0,21
5706,1,21
5707,1,30
5708,1,40
5709,1,21
5710,1,30
5711,1,30
5712,1,40
5713,0,53
5714,1,40
5715,1,21
5716,1,12
5717,1,30
5718,0,40
5719,1,60
5720,1,30
5721,1,47
5722,1,30
5723,1,21
5724,1,30
5725,1,21
5726,1,30
5727,1,30
5728,0,40
5729,1,21
5730,1,21
5731,0,30
5732,0,30
5733,1,30
5734,0,30
5735,1,30
5736,1,30
5737,1,47
5738,1,30
5739,1,30
5740,1,30
5741,1,53
5742,0,30
5743,0,40
5744,0,30
5745,0,21
5746,1,21
5747,1,30
5748,1,30
5749,1,30
5750,1,21
5751,0,12
5752,0,60
5753,1,21
5754,0,21
5755,0,40
5756,0,12
5757,1,12
5758,0,53
5759,0,30
5760,1,21
5761,1,30
5762,0,40
5763,0,30
5764,0,53
5765,1,30
5766,1,60
5767,1,30
5768,0,12
5769,1,47
5770,1,30
5771,1,30
5772,1,40
5773,1,30
5774,1,21
5775,1,30
5776,1,21
5777,1,12
5778,1,40
5779,1,30
5780,1,21
5781,1,30
5782,0,40
5783,0,47
5784,1,21
5785,0,30
5786,1,30
5787,1,30
5788,1,30
5789,1,30
5790,0,40
5791,1,21
5792,1,30
5793,1,30
5794,1,40
5795,1,30
5796,0,30
5797,1,30
5798,1,40
5799,1,30
5800,1,40
5801,1,30
5802,0,30
5803,1,12
5804,0,40
5805,0,30
5806,0,53
5807,1,40
5808,0,30
5809,1,30
5810,1,53
5811,1,21
5812,0,30
5813,1,30
5814,1,30
5815,1,30
5816,1,30
5817,1,30
5818,1,30
5819,1,53
5820,1,47
5821,1,30
5822,0,40
5823,1,30
5824,1,21
5825,0,30
5826,1,21
5827,1,30
5828,1,30
5829,0,30
5830,0,21
5831,1,30
5832,0,30
5833,0,40
5834,1,60
5835,0,40
5836,1,30
5837,1,30
5838,0,47
5839,1,30
5840,0,12
5841,0,40
5842,1,30
5843,1,40
5844,0,12
5845,0,30
5846,1,47
5847,0,21
5848,1,53
5849,1,40
5850,0,30
5851,0,21
5852,0,30
5853,1,53
5854,1,47
5855,1,53
5856,0,30
5857,0,47
5858,1,30
5859,1,30
5860,0,30
5861,0,53
5862,0,30
5863,0,30
5864,0,53
5865,1,30
5866,0,30
5867,0,47
5868,1,40
5869,0,30
5870,1,30
5871,0,30
5872,1,30
5873,1,21
5874,1,30
5875,1,30
5876,1,53
5877,1,21
5878,0,30
5879,1,40
5880,1,30
5881,1,40
5882,1,40
5883,0,21
5884,1,21
5885,1,30
5886,1,30
5887,0,40
5888,1,30
5889,1,53
5890,1,40
5891,1,21
5892,1,47
5893,1,30
5894,1,40
5895,1,30
5896,1,30
5897,1,30
5898,0,21
5899,1,40
5900,1,30
5901,0,40
5902,1,53
5903,1,30
5904,0,47
5905,0,40
5906,0,21
5907,1,30
5908,1,30
5909,1,21
5910,0,47
5911,0,30
5912,1,30
5913,0,21
5914,1,40
5915,1,21
5916,1,53
5917,0,53
5918,1,30
5919,1,21
5920,0,30
5921,1,30
5922,1,60
5923,1,30
5924,1,40
5925,0,30
5926,0,53
5927,1,40
5928,1,47
5929,0,40
5930,0,40
5931,0,21
5932,1,21
5933,1,30
5934,1,30
5935,1,21
5936,1,21
5937,1,30
5938,1,30
5939,0,47
5940,1,53
5941,0,30
5942,1,47
5943,0,47
5944,0,21
5945,0,40
5946,0,60
5947,0,47
5948,1,60
5949,1,21
5950,1,30
5951,1,21
5952,0,47
5953,1,12
5954,1,47
5955,0,30
5956,0,21
5957,1,21
5958,1,47
5959,0,21
5960,0,47
5961,0,47
5962,1,40
5963,1,30
5964,1,21
5965,1,30
5966,0,40
5967,1,53
5968,1,60
5969,1,47
5970,1,40
5971,1,40
5972,0,30
5973,1,12
5974,0,30
5975,1,30
5976,0,30
5977,1,40
5978,1,40
5979,1,30
5980,1,60
5981,1,40
5982,1,40
5983,1,30
5984,1,30
5985,0,21
5986,0,60
5987,1,30
5988,1,30
5989,0,12
5990,0,30
5991,0,40
5992,0,21
5993,0,53
5994,1,40
5995,0,40
5996,0,30
5997,0,30
5998,1,21
5999,0,30
6000,1,47
6001,0,30
6002,1,53
6003,0,47
6004,0,30
6005,0,30
6006,0,12
6007,1,40
6008,1,21
6009,0,30
6010,1,40
6011,1,40
6012,1,40
6013,0,30
6014,1,47
6015,0,30
6016,1,47
6017,0,40
6018,1,40
6019,1,30
6020,1,53
6021,1,30
6022,1,30
6023,1,30
6024,1,30
6025,0,30
6026,1,40
6027,1,21
6028,1,21
6029,0,30
6030,1,30
6031,0,21
6032,1,47
6033,1,53
6034,1,30
6035,0,30
6036,0,30
6037,0,47
6038,0,60
6039,0,47
6040,1,30
